comment_id,comment_url,commenter_id,commenter_url,commenter_name,commenter_meta,comment_text,comment_time,comment_image,comment_reactors,comment_reactions,comment_reaction_count,replies
2523579521156735,https://facebook.com/2523579521156735,100068304093023,https://facebook.com/Asphalt9Legends?eav=AfbF8PFk7OZyoaxXj5fvplzqqrmc6A1t4TYEiGyP6u2I5Jo2oAxGp0JLnX658cMmzek&fref=nf&rc=p&refid=52&__tn__=%7ER&paipv=0,Asphalt 9: Legends,T√°c gi·∫£,"Read more here: https://
gmlft.co/
A9-WildfireLore-
SNS",,https://gmlft.co/A9-WildfireLore-SNS?fbclid=IwAR2FHYF6x_EAxlUY99yT9pdJdctVjL9-pQH04mL1Evl-mGHu_6oYo3_svl4,"[{'name': '–ö–æ–ª—è –¢–∏—â–µ–Ω–∫–æ', 'link': 'https://facebook.com/profile.php?id=100007473180273&eav=AfacgP7pUMCWpxULvkfHhw9KjVGWng1M68bIOJKUhg1CBwRHkV4hSeAlB7kWy4CUQuk&fref=pb&paipv=0', 'type': 'like'}]",{'like': 1},1.0,"[{'comment_id': '391139869921882', 'comment_url': 'https://facebook.com/391139869921882', 'commenter_id': '100046878602546', 'commenter_url': 'https://facebook.com/profile.php?id=100046878602546&eav=AfYZ6G9q1yn4XS5cTlodExZrOGbfWArNLIFkUzM3SNHGhSsVTobHsotQmjTkkdshU6A&fref=nf&rc=p&__tn__=R&paipv=0', 'commenter_name': 'S∆°n V≈©', 'commenter_meta': 'Fan c·ª©ng', 'comment_text': 'Asphalt 9: Legends is this mean next month will have Drive Syndicate?', 'comment_time': None, 'comment_image': None, 'comment_reactors': [], 'comment_reactions': None, 'comment_reaction_count': None}, {'comment_id': '1094164984915883', 'comment_url': 'https://facebook.com/1094164984915883', 'commenter_id': '100029609633467', 'commenter_url': 'https://facebook.com/sudharsan.n.10?eav=AfZXgd92gTS4LcpMldFGO1jHBpJsXQXgiUoN96n8fyYKcJLeW8RklbmrMoKcjdh8LI0&fref=nf&rc=p&__tn__=R&paipv=0', 'commenter_name': 'Sudharsan N', 'commenter_meta': 'Fan c·ª©ng', 'comment_text': 'Asphalt 9: Legends What about Subaru cars?', 'comment_time': None, 'comment_image': None, 'comment_reactors': [], 'comment_reactions': None, 'comment_reaction_count': None}, {'comment_id': '3165563057081660', 'comment_url': 'https://facebook.com/3165563057081660', 'commenter_id': '100002202887483', 'commenter_url': 'https://facebook.com/chris.simms.1234?eav=AfZ8gqUMcO1BoNRzeCBUUJpC8v-sJEsf7d14fpCgEBnBIN36RiCz-hCsTHz144cyMeA&fref=nf&rc=p&__tn__=R&paipv=0', 'commenter_name': 'Chris Simms', 'commenter_meta': None, 'comment_text': ""How could you ever catch cheaters it's not like they're obvious about it right!"", 'comment_time': None, 'comment_image': 'https://scontent.fhan5-1.fna.fbcdn.net/v/t39.30808-6/405518506_6762784617138234_9037881798431931204_n.jpg?stp=cp0_dst-jpg_e15_q65_s206x206&_nc_cat=106&ccb=1-7&_nc_sid=5f2048&efg=eyJpIjoidCJ9&_nc_ohc=ghPPi35D9GMAX-weciD&_nc_ht=scontent.fhan5-1.fna&oh=00_AfA1du7AI4WlERx_kFvph8HyNEOVhqfcQJr14rcRR-At0w&oe=656BBCDB', 'comment_reactors': [{'name': 'Fatah Brn', 'link': 'https://facebook.com/profile.php?id=100077346438684&eav=AfbS9MqY8h2e1A0QgDUADhRCRnhe-ywTAp7_E21oilr6J1kEABwJMBOLdctNlGQDIkc&fref=pb&paipv=0', 'type': 'like'}, {'name': 'El Gadumaliev', 'link': 'https://facebook.com/elnur.gadymaliev?eav=Afb40hDt4_wYc-iNgUCFWTyD2Tm_XxpZ9u7rYsjK05Dr6kdk5CE-A14MhFTq-DaBy3A&fref=pb&paipv=0', 'type': 'like'}, {'name': 'Ronaldo Halilim', 'link': 'https://facebook.com/ronaldo.halilim?eav=AfatNOSfVnR_9ecUELQ7Hg_XTYN7FYwjkVRRKC3mckA_qWOEcK857VJ4B3STAOJlRwE&fref=pb&paipv=0', 'type': 'like'}], 'comment_reactions': {'like': 3}, 'comment_reaction_count': 3}, {'comment_id': '898464675032675', 'comment_url': 'https://facebook.com/898464675032675', 'commenter_id': '100000159742055', 'commenter_url': 'https://facebook.com/nicolas.moranoneto?eav=AfbtH7ZEYyYXHwYo5FUN4IFVaGByDxyz1rTEVhe5tFzTfhAuGCmvuyUNRFpt_cjIZNI&fref=nf&rc=p&__tn__=R&paipv=0', 'commenter_name': 'Nicolas Morano Neto', 'commenter_meta': None, 'comment_text': 'Asphalt 9: Legends put the game on Facebook so you can talk to people in chat about the game, or put the download link, because there are viruses on Google, the links are all raked, better not to risk downloading the game. Put it on Facebook and I play, I used to play #1 on Google Play in 2012, I beat the game twice, I did well on the 5 screens I had', 'comment_time': None, 'comment_image': None, 'comment_reactors': [], 'comment_reactions': None, 'comment_reaction_count': None}, {'comment_id': '1817443282039020', 'comment_url': 'https://facebook.com/1817443282039020', 'commenter_id': '100000159742055', 'commenter_url': 'https://facebook.com/nicolas.moranoneto?eav=AfbtH7ZEYyYXHwYo5FUN4IFVaGByDxyz1rTEVhe5tFzTfhAuGCmvuyUNRFpt_cjIZNI&fref=nf&rc=p&__tn__=R&paipv=0', 'commenter_name': 'Nicolas Morano Neto', 'commenter_meta': None, 'comment_text': 'Asphalt 9: Legends To download on Google Play, the computer must have the Google Play requirements, anyway, here in Brazil it is necessary to spend almost 1,000 thousand reais or 2 thousand reais to have the computer with the Google Play requirements, on the cell phone, just access and download, another tip is to have rankings from the country of the group of friends and the planet, the games are only legal when there are scores, prizes, disputes, and online.', 'comment_time': None, 'comment_image': None, 'comment_reactors': [], 'comment_reactions': None, 'comment_reaction_count': None}, {'comment_id': '872752461094683', 'comment_url': 'https://facebook.com/872752461094683', 'commenter_id': '100069659856495', 'commenter_url': 'https://facebook.com/profile.php?id=100069659856495&eav=AfaoYmp1oSCtc288pyxhOXM60dtocKt0BcZn4zMqTMyNJYHfZStNB9-YEKFKIqdSg7k&fref=nf&rc=p&__tn__=R&paipv=0', 'commenter_name': 'Levent Aksu', 'commenter_meta': None, 'comment_text': 'Asphalt 9: Legends we need Chevrolet Corvette ZR1 for/in A9L Carreer Event, long time no car hunt event of ZR1. ...', 'comment_time': None, 'comment_image': None, 'comment_reactors': [], 'comment_reactions': None, 'comment_reaction_count': None}]"
1452606881963975,https://facebook.com/1452606881963975,100010610289522,https://facebook.com/michael.ventura.7146?eav=AfY-Z-xPetiAMk_nqKsNNjEakAAKeNd-5QGWTjRtt5Nz-2eq7lLkp2FXtfyGJ_SP8mA&fref=nf&rc=p&refid=52&__tn__=R&paipv=0,Michael Ventura,,There will be a possibility to have Asphalt 9 on PS5 in the future?,,https://scontent.fhan5-1.fna.fbcdn.net/m1/v/t6/An_UvxJXg9tdnLU3Y5qjPi0200MLilhzPXUgxzGjQzUMaNcmjdZA6anyrngvkdub33NZzZhd51fpCAEzNHFhko5aKRFP5fS1w_lKwYrzcNLupv27.png?ccb=10-5&oh=00_AfBwaYI1dgAFGqlxBUjKeme1rlLNcOP8pu_E22fWgHRWQQ&oe=658D6639&_nc_sid=7da55a,"[{'name': 'Ryan Duria', 'link': 'https://facebook.com/ryan.duria?eav=AfYrwiNMst6k1KRuTlsF8qsFkt0ULaTywVUK5f1G7CMJVTV-ClY0Eq6rMGjcIi48B2w&fref=pb&paipv=0', 'type': 'like'}]",{'like': 1},1.0,[]
862928282174788,https://facebook.com/862928282174788,1559172964,https://facebook.com/St.CrowCharvelkilla?eav=Afa_DO39mq1jYkrVPH0y2XLuFsYl_ZMB33h0Jn_lG9swqixs-dG6A6PMae649AIAl5k&fref=nf&rc=p&refid=52&__tn__=R&paipv=0,Jeremy Bustamante,,Cant do it. Just quit playing this game,,,[],,,"[{'comment_id': '1007543000336454', 'comment_url': 'https://facebook.com/1007543000336454', 'commenter_id': '100091759552513', 'commenter_url': 'https://facebook.com/profile.php?id=100091759552513&eav=AfZviyJq54TIkXsrhrn5u43xmht0ehkHZGth4cyAa4nR3mNp-8brONggguTJfsHeBRA&fref=nf&rc=p&__tn__=R&paipv=0', 'commenter_name': 'Mary Smith', 'commenter_meta': None, 'comment_text': 'Jeremy Bustamante hello how are you doing', 'comment_time': None, 'comment_image': None, 'comment_reactors': [], 'comment_reactions': None, 'comment_reaction_count': None}]"
1697340274007016,https://facebook.com/1697340274007016,100002067421803,https://facebook.com/adeputra1886?eav=AfZCL8UHOEJw_9IQWSY7TkHT_hsaHQ8Djq5On6Ediqtafa541WVvsp6HHk6eQIcAQ3o&fref=nf&rc=p&refid=52&__tn__=R&paipv=0,Ade Putra,,Done. Next events pls!,,,[],,,"[{'comment_id': '305013379027042', 'comment_url': 'https://facebook.com/305013379027042', 'commenter_id': '100091759552513', 'commenter_url': 'https://facebook.com/profile.php?id=100091759552513&eav=AfYT1Y5iCkhW1sWPC-Ab3Osfm4Xby8icUa6pGCKAGh8tZQZhr5ZzYfWJ-NVx7niCkiE&fref=nf&rc=p&__tn__=R&paipv=0', 'commenter_name': 'Mary Smith', 'commenter_meta': None, 'comment_text': 'Ade Putra hello how are you doing', 'comment_time': None, 'comment_image': None, 'comment_reactors': [], 'comment_reactions': None, 'comment_reaction_count': None}, {'comment_id': '1501958473980662', 'comment_url': 'https://facebook.com/1501958473980662', 'commenter_id': '100002067421803', 'commenter_url': 'https://facebook.com/adeputra1886?eav=AfYwee9plCs5YoCYW3DCijrFScR_w8aII9eZyUsSShYV0qF3wLUT9IIkdRKFgQ7Zdls&fref=nf&rc=p&__tn__=R&paipv=0', 'commenter_name': 'Ade Putra', 'commenter_meta': None, 'comment_text': 'Mary Smith breakfast', 'comment_time': None, 'comment_image': None, 'comment_reactors': [], 'comment_reactions': None, 'comment_reaction_count': None}]"
317933677843469,https://facebook.com/317933677843469,100079508614540,https://facebook.com/profile.php?id=100079508614540&eav=Afb2stlIniPFWG8kkaT7PAX5pgj80oqX0PKofw7dDHrbZxNZbxEFL8ufX03PcYxwo88&fref=nf&rc=p&refid=52&__tn__=R&paipv=0,Huy Hu·ª≥nh,Fan c·ª©ng,‚ù§Ô∏è,,,[],,,[]
1012739773172845,https://facebook.com/1012739773172845,100046878602546,https://facebook.com/profile.php?id=100046878602546&eav=AfZ8fysDTJ5DWA17rtlmGcdfeoS6yM6omQglfcyLjZGSJVk4J8v3IibqQ3mm7wS4Zi8&fref=nf&rc=p&refid=52&__tn__=R&paipv=0,S∆°n V≈©,Fan c·ª©ng,Lizard looking good,,,[],,,[]
882091436599105,https://facebook.com/882091436599105,100029668003783,https://facebook.com/ahzur.zunigaaguilar.71?eav=AfZ2cwBniSER8LK7_shTrvvGVzTup8K-UruaukvXIAgY6obGyHtAkykoK2DeKijF5Zg&fref=nf&rc=p&refid=52&__tn__=R&paipv=0,Ahzur Zu√±iga Aguilar,Fan c·ª©ng,Evento d m,,,[],,,[]
397535915931060,https://facebook.com/397535915931060,100092417520045,https://facebook.com/profile.php?id=100092417520045&eav=AfawX1ibKBtmI7EaMKdA-Bke2jcVdHZD8SqySgII6Z04nu0Rk92WS6IF84CmIwGxzdU&fref=nf&rc=p&refid=52&__tn__=R&paipv=0,Tomek GƒÖska,,Im new here. I started playing Asphalt 9: Legends a few day ago.,,https://scontent.fhan5-9.fna.fbcdn.net/v/t39.30808-6/403633888_250252724731977_8894607986149994755_n.jpg?stp=cp0_dst-jpg_e15_q65_s180x540&_nc_cat=107&ccb=1-7&_nc_sid=5f2048&efg=eyJpIjoidCJ9&_nc_ohc=YCriHgKIo5YAX9wbMC6&_nc_ht=scontent.fhan5-9.fna&oh=00_AfASwUF35WmUkNlzJMbUhXyvPQF9FazAFxsESBN0QWHBqg&oe=656B3DA1,"[{'name': 'Gilberto Estudillo Vel√°zquez', 'link': 'https://facebook.com/profile.php?id=100004969688400&eav=AfZtd7tZDVStXrzO7FC6VH5O9zCFHwnzuKNVBx5xUlrEXtiWt885tOAUmbRy3x-_gN8&fref=pb&paipv=0', 'type': 'haha'}]",{'haha': 1},1.0,[]
1009012263540929,https://facebook.com/1009012263540929,100070252988116,https://facebook.com/profile.php?id=100070252988116&eav=AfYfuNEUdgQ9rYgDJVheAB7stXR26lbygHTpcyDw2jphHy9kULeWTKB_xXQ7Y-LjMVQ&fref=nf&rc=p&refid=52&__tn__=R&paipv=0,Hank Headly,,"rewash,rinse,re
peat.",,,[],,,[]
333272789416224,https://facebook.com/333272789416224,100003260746059,https://facebook.com/thabo.w.msiza?eav=AfYDfJ5Y-arIVzbkV5pDkfXlrtQ0BXbFl_15WN7hfHt_cBYwq35tTnOAb-JC8mDIHV4&fref=nf&rc=p&refid=52&__tn__=%7ER&paipv=0,Thabo Msiza,,Normal Chiron feels better to drive for me.,,https://scontent.fhan5-1.fna.fbcdn.net/m1/v/t6/An_UvxJXg9tdnLU3Y5qjPi0200MLilhzPXUgxzGjQzUMaNcmjdZA6anyrngvkdub33NZzZhd51fpCAEzNHFhko5aKRFP5fS1w_lKwYrzcNLupv27.png?ccb=10-5&oh=00_AfBwaYI1dgAFGqlxBUjKeme1rlLNcOP8pu_E22fWgHRWQQ&oe=658D6639&_nc_sid=7da55a,"[{'name': 'E.J. Oliva', 'link': 'https://facebook.com/nfsejoliva?eav=AfZuisLGGqhSiupHiGqbIffEHgbJPC2V-ahLXmMVU3g6ofpnSux90ASsRAOTrw2hwgQ&fref=pb&paipv=0', 'type': 'like'}, {'name': 'Garrett Nawrocki', 'link': 'https://facebook.com/garrett.nawrocki.3?eav=AfY3B6OxD9OYKC2XR5125IfHhi2FYIG93Y8jCef07de6piszd01dot5uX1vo7Ik1yfg&fref=pb&paipv=0', 'type': 'like'}, {'name': 'Sam Raimi', 'link': 'https://facebook.com/profile.php?id=100022982707769&eav=AfZ21sPcmCocvQJQ4OMC8_8YOFeNd20zfpI21l0C1sKUW-Vj19Cvv14nZBaayIuM0B4&fref=pb&paipv=0', 'type': 'like'}, {'name': 'Aniket Bhoomik', 'link': 'https://facebook.com/profile.php?id=100020789586669&eav=AfbYJthfnY-stIEs9Iu0iYU0bVk0EiV9WhxqJsboIFGdvdSoH4E052tMqAihP40PdUQ&fref=pb&paipv=0', 'type': 'like'}, {'name': 'Shahid Iqbal', 'link': 'https://facebook.com/shahid.iqbal.100483?eav=AfZy0tGC6O_6WghMrOQ3zfrkPfk495TjGJmDqte-aCNilEg-7lf6BlC5BO4vjfPkxZ4&fref=pb&paipv=0', 'type': 'like'}, {'name': 'Kamil Kopyciak', 'link': 'https://facebook.com/kamil.kopyciak?eav=AfaIJx7xzVg7hnBicB5kSPespHfp5BlgOE6vYP1N978a7_Ti2FApP6FwOwWpJfLDrA8&fref=pb&paipv=0', 'type': 'like'}]",{'like': 6},6.0,[]
1420536442214588,https://facebook.com/1420536442214588,1436510398,https://facebook.com/derek.wentzel?eav=AfbZMJOciSmcQ5RZ4nS3hRWYxaqFUBpgdRXmdw3kndfrbLvEP049kb-MrsENbLybOPg&fref=nf&rc=p&refid=52&__tn__=R&paipv=0,Derek Wentzel,,Ya'll at GL need to get your MP server upgraded or some ish. I'm tired of getting fooked in races when I cross the line in a position and suddenly I'm not in that position. Went from 1st to 3rd and 4th 3 times today alone.,,https://scontent.fhan5-1.fna.fbcdn.net/m1/v/t6/An_UvxJXg9tdnLU3Y5qjPi0200MLilhzPXUgxzGjQzUMaNcmjdZA6anyrngvkdub33NZzZhd51fpCAEzNHFhko5aKRFP5fS1w_lKwYrzcNLupv27.png?ccb=10-5&oh=00_AfBwaYI1dgAFGqlxBUjKeme1rlLNcOP8pu_E22fWgHRWQQ&oe=658D6639&_nc_sid=7da55a,"[{'name': 'Michael Stokes', 'link': 'https://facebook.com/michael.stokes.1441?eav=Afb7_dwGLUmq5fa6IMxnhLFuwxZmHolXnG9k3N4i4U-yxbifL1nmMWu4F6DgJrlWy3s&fref=pb&paipv=0', 'type': 'like'}]",{'like': 1},1.0,[]
875321367241024,https://facebook.com/875321367241024,100058759576334,https://facebook.com/profile.php?id=100058759576334&eav=AfbwxESHjpWYKW5RS2AG2h-Xo2ph5Pg5uXAt8Rx4WvtZmlaKsQc69SVREgS7zbDoZFw&fref=nf&rc=p&refid=52&__tn__=%7ER&paipv=0,Pro  Daemon,Fan c·ª©ng,I love this car but I have only 19k token pls I want rerun this seasonal event after few months,,https://scontent.fhan5-1.fna.fbcdn.net/m1/v/t6/An_UvxJXg9tdnLU3Y5qjPi0200MLilhzPXUgxzGjQzUMaNcmjdZA6anyrngvkdub33NZzZhd51fpCAEzNHFhko5aKRFP5fS1w_lKwYrzcNLupv27.png?ccb=10-5&oh=00_AfBwaYI1dgAFGqlxBUjKeme1rlLNcOP8pu_E22fWgHRWQQ&oe=658D6639&_nc_sid=7da55a,"[{'name': 'Yuri Novachkov', 'link': 'https://facebook.com/YURIGP1974?eav=AfZ3HxuHpj4Y-hvHyT9Mu2rm3SPRMzKrYpTGyzhTm4pbJWx5giAmbRMYo3_rRJDaOj0&fref=pb&paipv=0', 'type': 'like'}]",{'like': 1},1.0,[]
1690829548083970,https://facebook.com/1690829548083970,100041733423145,https://facebook.com/taleb.nazari.33?eav=AfbT_zz2ka5kUZWu8NwdlciZCbRodcgZZRFpAAZ29NWerMqTGNgqlRxgGTpbHw59X78&fref=nf&rc=p&refid=52&__tn__=R&paipv=0,Taleb Nazari,,This car should have been the king of this game,,,[],,,[]
868764754751409,https://facebook.com/868764754751409,100081021646286,https://facebook.com/profile.php?id=100081021646286&eav=AfZldDdjvJuOT9L7nWvjYoceFLFh8Odf6q5ayVBcw1U0Py_kerxOMQhWAWKLKP5_dlU&fref=nf&rc=p&refid=52&__tn__=R&paipv=0,M·∫´n √íw√≥ Nguy·ªÖn Minh,,I need huracan Evo Spyder event pack,,,[],,,[]
636104308468172,https://facebook.com/636104308468172,100035330627288,https://facebook.com/ciro.cascone.7355?eav=AfYZk8eOCgti51-ZmzYa4OunWItHyIXWHGsgDh83fuBZRiK0H2Qf1abOm4a5IBWMzwc&fref=nf&rc=p&refid=52&__tn__=%7ER&paipv=0,Ciro Cascone,Fan c·ª©ng,P2W,,https://scontent.fhan5-1.fna.fbcdn.net/m1/v/t6/An_UvxJXg9tdnLU3Y5qjPi0200MLilhzPXUgxzGjQzUMaNcmjdZA6anyrngvkdub33NZzZhd51fpCAEzNHFhko5aKRFP5fS1w_lKwYrzcNLupv27.png?ccb=10-5&oh=00_AfBwaYI1dgAFGqlxBUjKeme1rlLNcOP8pu_E22fWgHRWQQ&oe=658D6639&_nc_sid=7da55a,"[{'name': 'Fredro Fred', 'link': 'https://facebook.com/fredro.fred.7?eav=AfZoGVXZJOZmGtNpgK9NrYOmISMeJrckOUVVHQa37gVW8kjvsEX7joKYLcooH1NAXKI&fref=pb&paipv=0', 'type': 'like'}, {'name': 'Asphalt Pro', 'link': 'https://facebook.com/asphalt.pro.52?eav=AfY-qxM9pyNLbW1tcbgxVI0a5IJD-vLyOc4VepInUWmPlVOUo7xshcVmZHupj2Z-H5o&fref=pb&paipv=0', 'type': 'like'}, {'name': 'Garrett Nawrocki', 'link': 'https://facebook.com/garrett.nawrocki.3?eav=AfbfzWDpHFqXXeWdl4QsuhGROkf4cJ1eNdqPGCCrEYBEhL9F4rDGfSt5yMVoCVfgK0U&fref=pb&paipv=0', 'type': 'like'}]",{'like': 3},3.0,[]
887768556171052,https://facebook.com/887768556171052,100009046665842,https://facebook.com/profile.php?id=100009046665842&eav=AfbiqfASlpyvojyWJH3yAMbxok9Ecc5ILrzOUBKc9L3rMw4csJqr7gZrhdoLgfg4-xY&fref=nf&rc=p&refid=52&__tn__=R&paipv=0,Aman Mishra,,"To get behind the wheel of this car, player's should have to pay tons of money üíµ.....stop fooling the players GL",,https://scontent.fhan5-1.fna.fbcdn.net/m1/v/t6/An-SJYN61eefFdoaV8pa0G_5_APCa0prZaqkZGXpCFeUCLCg89UPOqSkSZxJkLy0hAKKpUIPEB91mo9yBBfcAqcwmpEu5jN_jmJufFtJoVJCUklu.png?ccb=10-5&oh=00_AfBhzuXYiJckOJ3RGfmeLXYcsc-JYfqsqFZALg3QYFPtug&oe=658D6B1F&_nc_sid=7da55a,"[{'name': 'El Gadumaliev', 'link': 'https://facebook.com/elnur.gadymaliev?eav=AfYogL9qt1nYUMmqatwEXJ0rUKdpJ2Vm2Q7wTuHwLqRjTflJ9xt6P-S5BfMiobnS09s&fref=pb&paipv=0', 'type': 'love'}]",{'love': 1},1.0,[]
1289596741732283,https://facebook.com/1289596741732283,542875641,https://facebook.com/gasser.gaballah?eav=AfaPqfvydXWvQy3JbO8AJfK9G2IPBgPzK5rL5vkumXxLmkE6nHSc939M7Ot29_tu-ks&fref=nf&rc=p&refid=52&__tn__=R&paipv=0,Gasser Gaballah,Fan c·ª©ng,"Special events was already very difficult and expensive
Now after the season tokens changes it is almost impossible to handle üëé
It's like going from bad to worst all the time üòï
Asphalt 9: Legends
Gameloft",,https://scontent.fhan5-1.fna.fbcdn.net/m1/v/t6/An_UvxJXg9tdnLU3Y5qjPi0200MLilhzPXUgxzGjQzUMaNcmjdZA6anyrngvkdub33NZzZhd51fpCAEzNHFhko5aKRFP5fS1w_lKwYrzcNLupv27.png?ccb=10-5&oh=00_AfBwaYI1dgAFGqlxBUjKeme1rlLNcOP8pu_E22fWgHRWQQ&oe=658D6639&_nc_sid=7da55a,"[{'name': 'E.J. Oliva', 'link': 'https://facebook.com/nfsejoliva?eav=Afbtcmb1Nfb2O_q8bjyOAfgY4UrBqZ-T0i_Wa9DEvh9kdh0yOy2gjwZ1d0fx-xsP--c&fref=pb&paipv=0', 'type': 'like'}, {'name': 'Garrett Nawrocki', 'link': 'https://facebook.com/garrett.nawrocki.3?eav=Afad4qc70QLxRy9FaeaS3IdXPuROmBBDfBXtO_1TFqA6DVEUOciGu35fBatwu-igaXk&fref=pb&paipv=0', 'type': 'like'}, {'name': 'El Gadumaliev', 'link': 'https://facebook.com/elnur.gadymaliev?eav=AfY17ra9WKuXpJm48sGsrVHKGlZnvve6SCNigftGdI3bFFtrhDj9csNXQUMhRFXvNJQ&fref=pb&paipv=0', 'type': 'like'}, {'name': 'Stefan Flache', 'link': 'https://facebook.com/stefan.flache.48?eav=Afa0hu3--re68SbNCCkQqneawgs53xz2KlPlCi5Y4WLBKd_K6XAupdHphhhDwYU9ZuY&fref=pb&paipv=0', 'type': 'like'}, {'name': 'Alberto Greco', 'link': 'https://facebook.com/alberto.greco.31?eav=AfZ2c-6nb_hUuAmTOvppRBsIlt0gWC-hzs0tMSBdEysQ0vH1OsLohN7pMzAORfwY6xc&fref=pb&paipv=0', 'type': 'like'}, {'name': 'James Lujan', 'link': 'https://facebook.com/jayhonda2?eav=AfZvjhHmXRWiIYIyY_BTcnBtTEIYUdRaFkZONo4DPny3OmFpBylJwhgN7i2SuB1Ug5I&fref=pb&paipv=0', 'type': 'like'}]",{'like': 6},6.0,[]
1085958902600546,https://facebook.com/1085958902600546,100008682128452,https://facebook.com/profile.php?id=100008682128452&eav=Afa-E6eW7QM0u4aVSFdb-FJuLrpZX8FnMfogWQ8rERpLVlFQ_hKlcvum6xHj2QHDFis&fref=nf&rc=p&refid=52&__tn__=R&paipv=0,Carlos √äduardo √Ålves,,"Fan c·ª©ng
Carlos √äduardo √Ålves",,https://scontent.fhan5-9.fna.fbcdn.net/v/t39.30808-6/404941846_3304182129881159_2563229493382352056_n.jpg?stp=cp0_dst-jpg_e15_q65_s180x540&_nc_cat=109&ccb=1-7&_nc_sid=5f2048&efg=eyJpIjoidCJ9&_nc_ohc=wPKAJCtEx0MAX86ReqL&tn=U8jnfP44oX2THR_i&_nc_ht=scontent.fhan5-9.fna&oh=00_AfAzkIKPMb5Sy-DzLDJTPzEkiFJ8A2aYAqtSqtL6EzU2xw&oe=656BEB7E,[],,,[]
887895922929473,https://facebook.com/887895922929473,100016503602890,https://facebook.com/aman8844kumar?eav=AfZZEdqgZYYVLmxa65Ls38Tg0sKqz5iXJc6MAwVD4XDJ5z6DbXgiOizFwkOiOBDiLWE&fref=nf&rc=p&refid=52&__tn__=%7ER&paipv=0,Sonu Kumar,,Decrease This SE Condition Lol ü•≤ü•≤,,,[],,,[]
1254028455275173,https://facebook.com/1254028455275173,100033055267748,https://facebook.com/welman.enrique?eav=AfYygdalxtA5NiKduT4usrSpK98usIaq2i9sdhKVNKmRKWQ33fmeFJfFcf7yR9SDljE&fref=nf&rc=p&refid=52&__tn__=R&paipv=0,Enrique Lzs,,RIP black friday,,,[],,,[]
732755378880212,https://facebook.com/732755378880212,100002300832054,https://facebook.com/shahid.iqbal.100483?eav=AfYowoudqYhdF01emnesNEKp-BU7dnc6cKaUt5XZyfsxcoKumqOhdnByaB5oR7dTr1U&fref=nf&rc=p&refid=52&__tn__=R&paipv=0,Shahid Iqbal,,"Fan c·ª©ng
Shahid Iqbal",,https://scontent.fhan5-9.fna.fbcdn.net/v/t39.1997-6/404453096_1393814968008438_1023018995728717293_n.webp?stp=cp0_dst-png_s110x80&_nc_cat=109&ccb=1-7&_nc_sid=fc3f23&efg=eyJpIjoidCJ9&_nc_ohc=yc7H4VD9Gj0AX8ddJzK&_nc_ht=scontent.fhan5-9.fna&oh=00_AfA9lb1NB6t8d6Fwombn5-nt2gA7bex4Xi7ftjUJajGyGw&oe=656AF8BD,"[{'name': 'Juan Urrego', 'link': 'https://facebook.com/juan.urrego.7731247?eav=AfbUy1eex7rJcrYjKj_tYh5ujnentBwRarD1ac_z0uEmfWAqT5p2KFmBGjrSUtnSl4o&fref=pb&paipv=0', 'type': 'haha'}]",{'haha': 1},1.0,[]
652747403698336,https://facebook.com/652747403698336,100021947689817,https://facebook.com/dino.dark.3?eav=Afb3yeIL9i-HQVP4mT12v4sE08rJZ4XL-3LOF-MjP6HPDrJwDb6zPb5eG0t1gn50yNs&fref=nf&rc=p&refid=52&__tn__=R&paipv=0,Thanh Huy,,Mid 300+ üò∑,,,[],,,[]
2036010566785858,https://facebook.com/2036010566785858,100001931275729,https://facebook.com/silviucatalin.dominte?eav=AfZAvPhVm3Z218RSx24cM1H6Y6-3IsZSXtdCsRJ9rLUbO7pfct5uMqSWCl01C_TopKU&fref=nf&rc=p&refid=52&__tn__=R&paipv=0,Silviu-Catalin Dominte,Ng∆∞·ªùi theo d√µi th√¢m ni√™n,"Pay to win, that's what this game has become. I guess Nelly Furtado was right, all good things come to an end.",,https://scontent.fhan5-1.fna.fbcdn.net/m1/v/t6/An_UvxJXg9tdnLU3Y5qjPi0200MLilhzPXUgxzGjQzUMaNcmjdZA6anyrngvkdub33NZzZhd51fpCAEzNHFhko5aKRFP5fS1w_lKwYrzcNLupv27.png?ccb=10-5&oh=00_AfBwaYI1dgAFGqlxBUjKeme1rlLNcOP8pu_E22fWgHRWQQ&oe=658D6639&_nc_sid=7da55a,"[{'name': 'Massimo Celyne', 'link': 'https://facebook.com/profile.php?id=100086492423878&eav=AfZD-xPy6lic62dVSZjh2MdJwe_JDPUBlAwQrRaTUZOE4-pF4I4ec7ybQqV4rIoIZ8M&fref=pb&paipv=0', 'type': 'like'}, {'name': 'Araf Khan', 'link': 'https://facebook.com/profile.php?id=100051834681119&eav=AfaMto0keXswpBp4B6_kL0Hfw-_LKWQKOT9UNJnOv9DZK1NtXt43itu1_PTyrSGDUXk&fref=pb&paipv=0', 'type': 'like'}, {'name': 'Melvin Eduardo', 'link': 'https://facebook.com/melvin.eduardo.3914?eav=AfbN3i3BVlnCEX8TF8kyIhzFlN1G0AS1x2wTx7mixq1HrxtJyCpIuL35upKazXUMLDw&fref=pb&paipv=0', 'type': 'like'}, {'name': 'El Gadumaliev', 'link': 'https://facebook.com/elnur.gadymaliev?eav=AfYnGNy8TF1Qjml2IbuIJddwCcStNc64TYZaqBDccknQRzzUFx3Z-Zj3tOflvpHfrCc&fref=pb&paipv=0', 'type': 'like'}, {'name': 'Rastislav Tk√°ƒç', 'link': 'https://facebook.com/rastislav.tkac.1?eav=AfaHTCfAvNQi4x7T7OvHq5SLRCpr3GaFBT9I_2z8EViNC0utH5PnsPUxCQfhGquDJbU&fref=pb&paipv=0', 'type': 'like'}, {'name': 'Mark Garibaldi', 'link': 'https://facebook.com/mark.garabaldi?eav=AfZu0akmH8YX8APZalXxB0VULISlgyZPtP9UztDe0sOF9HtgRaH7c50jlUm_AFtclR0&fref=pb&paipv=0', 'type': 'like'}, {'name': 'Mihuti Madalin', 'link': 'https://facebook.com/Madal1nM?eav=AfY-stXf3C-B8dQcR8jfwiCzh8xh0uA_4r7BMRURo0zX2c41QbKoHpmwPfYgwB0BuIM&fref=pb&paipv=0', 'type': 'like'}, {'name': 'Aaron Smith', 'link': 'https://facebook.com/aaron.smith.754570?eav=AfZKjaiRw38FVWUOZ9Y8PsAu1sl5AVq2A32cnKEruhJIZymymWnkac-SPEYGcj8ptjo&fref=pb&paipv=0', 'type': 'like'}, {'name': 'Sunny Chukwu', 'link': 'https://facebook.com/profile.php?id=100083785025666&eav=AfY4_txAAigQmwrJc70r5SepRAk0Ys_Hnr2DDBbWQzaet4cpJwhjYTPHWVjovrjML0w&fref=pb&paipv=0', 'type': 'like'}]",{'like': 9},9.0,[]
857307409440711,https://facebook.com/857307409440711,100014349015875,https://facebook.com/sspider.sspider.5?eav=AfZzkQULiLyXx_zf1tNa_kTmOYtRBeFQcolIhg3EKdh5DZ_T4GLa-GNXspqklmCLAYk&fref=nf&rc=p&refid=52&__tn__=R&paipv=0,JoSm Re,,"Change the style of the garage, include something more realistic.",,,[],,,[]
1429345187620539,https://facebook.com/1429345187620539,100079508614540,https://facebook.com/profile.php?id=100079508614540&eav=Afa_Gfop01Otlho_1dHg0MXDBuvZciqfDJ7bT-mXRURtWKitSevMqd-Tt64XCwIDHgA&fref=nf&rc=p&refid=52&__tn__=R&paipv=0,Huy Hu·ª≥nh,Fan c·ª©ng,‚ù§Ô∏è,,,[],,,[]
1726540091158160,https://facebook.com/1726540091158160,100030980750127,https://facebook.com/jun.thiam.3?eav=AfZay052dpiHkInY25kIt6wrAoef9Kvb63Klr2DfAhgoo8SKBInI0sQ5huBypqJq-0g&fref=nf&rc=p&refid=52&__tn__=R&paipv=0,Athiam,,"no events can to expect for free players this season, because this season is only for rich player. Thank for this pay to win season gayloftt, remember not all a9 players are rich.",,https://scontent.fhan5-1.fna.fbcdn.net/m1/v/t6/An_UvxJXg9tdnLU3Y5qjPi0200MLilhzPXUgxzGjQzUMaNcmjdZA6anyrngvkdub33NZzZhd51fpCAEzNHFhko5aKRFP5fS1w_lKwYrzcNLupv27.png?ccb=10-5&oh=00_AfBwaYI1dgAFGqlxBUjKeme1rlLNcOP8pu_E22fWgHRWQQ&oe=658D6639&_nc_sid=7da55a,"[{'name': 'Gonzalo Atenas', 'link': 'https://facebook.com/profile.php?id=100094364000757&eav=AfYSXyWi74TkRJB6bnF-JeZAPQj8I-_1dPpC_DcLar9lN-2tQaYlZ51L_XIvWJUSjZc&fref=pb&paipv=0', 'type': 'like'}, {'name': 'Stefan Flache', 'link': 'https://facebook.com/stefan.flache.48?eav=AfZnhBJnQfu_AP5PfYUHMdwqTall1hmVRUrXfZ2MVg66RYvPOpIMLeMARadKGobumfg&fref=pb&paipv=0', 'type': 'like'}, {'name': 'Rastislav Tk√°ƒç', 'link': 'https://facebook.com/rastislav.tkac.1?eav=AfbBSy5aVYUdrR2SYgVNd1FbhDIJEDpWKz5KO_C0Q0Sv5jl8CBmc6uzWHMLc3oqRuuc&fref=pb&paipv=0', 'type': 'like'}]",{'like': 3},3.0,[]
905331024271814,https://facebook.com/905331024271814,100088807516489,https://facebook.com/profile.php?id=100088807516489&eav=AfaBAMT7usxOXrESJAWDnNlr8yDgFaj8EHUyFniFU6X4pH37YAERR5ZgIaNQ7Is-wbE&fref=nf&rc=p&refid=52&__tn__=R&paipv=0,Carlos C√®spedes,,"The Game is Kool.... But why f..cking...boom
My car when i AM close to win the race ... Everytime",,,[],,,[]
910017027391799,https://facebook.com/910017027391799,100007219392244,https://facebook.com/roberto.agugliaro.1?eav=AfY1aNuoMmYb4aJgAnBdy0hFI0E72xEpJp0oI5tC_bg9Ay-RhhAdNlbd3fZt9XUg1o8&fref=nf&rc=p&refid=52&__tn__=R&paipv=0,Roberto Agugliaro,,"Che bel gioco,complimen
ti...ü•≥ü•≥ü•≥",,,[],,,[]
1715753495595260,https://facebook.com/1715753495595260,100086492423878,https://facebook.com/profile.php?id=100086492423878&eav=AfYJukNlzIkl0Gulrjk5-ndIxMIV1soeItWzRF7ZakMhuwR3wxyzGSUQFuD-rCCsdmM&fref=nf&rc=p&refid=52&__tn__=R&paipv=0,Massimo Celyne,,"Ng∆∞·ªùi theo d√µi
Massimo Celyne",,https://scontent.fhan15-1.fna.fbcdn.net/v/t39.30808-6/405739212_319996964226715_9175195469970757574_n.jpg?stp=cp0_dst-jpg_e15_q65_s180x540&_nc_cat=101&ccb=1-7&_nc_sid=5f2048&efg=eyJpIjoidCJ9&_nc_ohc=SfUIq0zODwoAX-ir5mO&_nc_ht=scontent.fhan15-1.fna&oh=00_AfDrJzlwbWGiTkEhba_NUm67qLwiWflqH7xcesz535PIxA&oe=656B77F4,[],,,[]
7164335953610194,https://facebook.com/7164335953610194,100035108910358,https://facebook.com/victor.casa.3311.gnf?eav=AfZnf_yFiicJJfqbDnCosyxHV-7NenVlEJ4xn7MnSSkMQjtYwB9L3ooqoiNZD759ynw&fref=nf&rc=p&refid=52&__tn__=R&paipv=0,Victor Casa,,"Fan c·ª©ng
Victor Casa",,https://scontent.fhan15-2.fna.fbcdn.net/v/t39.1997-6/36900058_237321140420879_6696982233653182464_n.png?stp=cp0_dst-png_s110x80&_nc_cat=1&ccb=1-7&_nc_sid=fc3f23&efg=eyJpIjoidCJ9&_nc_ohc=da6SllIm4PUAX-hNlrn&_nc_ht=scontent.fhan15-2.fna&oh=00_AfBYictUPqeKT_35aaBWV3PdPjxgC2TuhrYcycYLjHEjiQ&oe=656AD77C,[],,,[]
1792533181189232,https://facebook.com/1792533181189232,100029750857194,https://facebook.com/victorpark.lopez?eav=Afal6AsNvDvpgpg4ctA1-zkiYs32aqNJnIU_THTjRIYUakW8NQE7cYlXvUuoJ7pHokI&fref=nf&rc=p&refid=52&__tn__=R&paipv=0,Syrex OC,,Solamente pido que a√±ada la opci√≥n del Crossave,,,[],,,[]
662499295934044,https://facebook.com/662499295934044,100001364394197,https://facebook.com/AxGHOSTx?eav=AfblWgditsAa23v9TNqR4PlBz2bFsfNnMaChP6gZPRuDDSXDJsrx0JyTDKyqT629gZI&fref=nf&rc=p&refid=52&__tn__=R&paipv=0,Joseph Blake,Fan c·ª©ng,Smart choice showing the Nevera since the Duess wasn't that impressive and so far neither is the 300+. Car's performance in accordance to rank are getting worse and worse if you actually expect player's to spend real money start making the car's worth it.,,,[],,,[]
7021337777924537,https://facebook.com/7021337777924537,100001774704814,https://facebook.com/atif.rasheed.921?eav=Afa1QJDLK8mNaEJIRWQiCANY9lOGKWqwu7uBBT84yAZKguRigrnQWTWiY1nQPp2aXD4&fref=nf&rc=p&refid=52&__tn__=R&paipv=0,Atif Rasheed,Fan c·ª©ng,WORST SEASON again,,https://scontent.fhan5-1.fna.fbcdn.net/m1/v/t6/An_UvxJXg9tdnLU3Y5qjPi0200MLilhzPXUgxzGjQzUMaNcmjdZA6anyrngvkdub33NZzZhd51fpCAEzNHFhko5aKRFP5fS1w_lKwYrzcNLupv27.png?ccb=10-5&oh=00_AfBwaYI1dgAFGqlxBUjKeme1rlLNcOP8pu_E22fWgHRWQQ&oe=658D6639&_nc_sid=7da55a,"[{'name': 'Gonzalo Atenas', 'link': 'https://facebook.com/profile.php?id=100094364000757&eav=AfZd9yVrvF8k5VAIBCtiFEiVXO53JbFQ69Q8JST2gp3h77CvgshDZS9b-kY-Iqs-eTk&fref=pb&paipv=0', 'type': 'like'}]",{'like': 1},1.0,[]
1493974348045096,https://facebook.com/1493974348045096,590841509,https://facebook.com/Frarez?eav=AfbnzWfSRU_HuEIq9pZTbXGzY5-efWW67oqczLD1zzH7tIOlojKe-lV8Zt6pSfji7sU&fref=nf&rc=p&refid=52&__tn__=R&paipv=0,Frank Fraga,,Only 20 days!!,,,[],,,[]
295484193462501,https://facebook.com/295484193462501,100079508614540,https://facebook.com/profile.php?id=100079508614540&eav=AfaenB4uUj7Jjrd8nzle2uhUMZPpLNEI_ygxcwLc3l4C726XVf2z7QAjAQdp4QOqfMY&fref=nf&rc=p&refid=52&__tn__=R&paipv=0,Huy Hu·ª≥nh,Fan c·ª©ng,‚ù§Ô∏è,,,[],,,[]
247448958340456,https://facebook.com/247448958340456,100040994380382,https://facebook.com/chris.carrie.7315?eav=AfYLibDTFs_05dcl5RMHcxpyYTWYu03c31H-ORsH5MVBXPmVTSYqoQCZbGIUw8NSKnI&fref=nf&rc=p&refid=52&__tn__=R&paipv=0,Chris Carrie,,Avec tous les tricheurs qui ce trouve sur se jeux bonne chance.,,,[],,,[]
1401656980766358,https://facebook.com/1401656980766358,100002496448574,https://facebook.com/wahid.wahidrasel?eav=AfZ8MWOlIDa_P4L-1a3XgoUV8EfcY1ar-EXSjMnGATmyDJXTcxrkkclKAYFH3glDpdY&fref=nf&rc=p&refid=52&__tn__=R&paipv=0,Wahid Russel,Fan c·ª©ng,The worst black Friday event ever. No exclusive car and nothing else ..lol a9 team,,https://scontent.fhan5-1.fna.fbcdn.net/m1/v/t6/An_UvxJXg9tdnLU3Y5qjPi0200MLilhzPXUgxzGjQzUMaNcmjdZA6anyrngvkdub33NZzZhd51fpCAEzNHFhko5aKRFP5fS1w_lKwYrzcNLupv27.png?ccb=10-5&oh=00_AfBwaYI1dgAFGqlxBUjKeme1rlLNcOP8pu_E22fWgHRWQQ&oe=658D6639&_nc_sid=7da55a,"[{'name': 'Gonzalo Atenas', 'link': 'https://facebook.com/profile.php?id=100094364000757&eav=AfYosjWy9lm39OhG6u7tARIrbUzCWW7Tqr-Xsf6NX-zokXoKWrIG_djtH1OdHiAqXFM&fref=pb&paipv=0', 'type': 'like'}, {'name': 'Rastislav Tk√°ƒç', 'link': 'https://facebook.com/rastislav.tkac.1?eav=AfZ9XLhJxPRWOhd2-MXe_Qz1pdjrRtC2V1DOM3AO61VRd56BhzBYKgJ2NJK-V2VpdOk&fref=pb&paipv=0', 'type': 'like'}]",{'like': 2},2.0,[]
664070742477426,https://facebook.com/664070742477426,100009046665842,https://facebook.com/profile.php?id=100009046665842&eav=AfYaJL5eAQCFjky6EmJUjKvMNRCtwBJyz9JUUrFoc9ynGgMnwZQBBhwOsLpL14iXlbw&fref=nf&rc=p&refid=52&__tn__=R&paipv=0,Aman Mishra,,Worst burst of speed event ever......no free try car and only key car packs,,https://scontent.fhan5-1.fna.fbcdn.net/m1/v/t6/An_UvxJXg9tdnLU3Y5qjPi0200MLilhzPXUgxzGjQzUMaNcmjdZA6anyrngvkdub33NZzZhd51fpCAEzNHFhko5aKRFP5fS1w_lKwYrzcNLupv27.png?ccb=10-5&oh=00_AfBwaYI1dgAFGqlxBUjKeme1rlLNcOP8pu_E22fWgHRWQQ&oe=658D6639&_nc_sid=7da55a,"[{'name': 'Gonzalo Atenas', 'link': 'https://facebook.com/profile.php?id=100094364000757&eav=AfaVDZ5aF9FBFQY7BXaLXHJRLiAKXAQRxbpO2qWqa9zzNhYYPAR0OQ2EpJOTUOIkOJ0&fref=pb&paipv=0', 'type': 'like'}, {'name': 'El Gadumaliev', 'link': 'https://facebook.com/elnur.gadymaliev?eav=AfbU0zsQHb2RK1WDr-BoxvsQRxA9k2G82R9S0lAfn7pNgK-qPtcHwbe3C4HzKdQOs0s&fref=pb&paipv=0', 'type': 'like'}]",{'like': 2},2.0,[]
3467894880129763,https://facebook.com/3467894880129763,100005944602902,https://facebook.com/profile.php?id=100005944602902&eav=AfYGHgv-SBa_sevlsBKNTCFQ1LLKwqAJx9_S4r86MjvX4aBYeoz2RKeRjdmHO4qErQs&fref=nf&rc=p&refid=52&__tn__=R&paipv=0,Rai Muhammad Jawad,,Any private servers for this game ?,,,[],,,[]
1017449202641433,https://facebook.com/1017449202641433,100002908809768,https://facebook.com/james.oneill.1829?eav=AfbQx-K0sngnZCFIF2MCk9dKXUVLnxfmuMjM01LMDqy8mNZlFIkmlX5VX2EBrhSuRkI&fref=nf&rc=p&refid=52&__tn__=R&paipv=0,Seanhausen Bundy,Fan c·ª©ng,How do I extend the progress of my Showcase Showroom? YOU said I could do this in the instructions.,,https://scontent.fhan15-1.fna.fbcdn.net/v/t39.30808-6/404413380_6975581095882115_521659867343340868_n.jpg?stp=cp0_dst-jpg_e15_q65_s180x540&_nc_cat=101&ccb=1-7&_nc_sid=5f2048&efg=eyJpIjoidCJ9&_nc_ohc=rCPyaYpWLMgAX8fxb44&_nc_ht=scontent.fhan15-1.fna&oh=00_AfAm2SrvyiTuZXWceqMipG4vv_78MGai3LxV3M1RgzFIow&oe=656BB0F0,[],,,"[{'comment_id': '1718817565290719', 'comment_url': 'https://facebook.com/1718817565290719', 'commenter_id': '100004416668423', 'commenter_url': 'https://facebook.com/murat.tohan.9?eav=AfY0_LJvXh7m8PwTt11z7KojCiesWpaWcvEFyi8DJxSbJQ_JSZ5kC7UyT0MPywvXDOQ&fref=nf&rc=p&__tn__=R&paipv=0', 'commenter_name': 'Murat Tohan', 'commenter_meta': None, 'comment_text': 'Seanhausen Bundy etkinlik tamamlanmazsa yeniden se√ßebilirsin aynƒ± etkinliƒüi yani uzatmƒ±≈ü oluyorsun', 'comment_time': None, 'comment_image': None, 'comment_reactors': [], 'comment_reactions': None, 'comment_reaction_count': None}]"
730397062479663,https://facebook.com/730397062479663,100072015565442,https://facebook.com/profile.php?id=100072015565442&eav=AfZ6GcPcq7FlVGmAJLqSGnUR994XiG69JlCQGOYctSDMCkXJ-WVXYZlpB_0iXUaBr7I&fref=nf&rc=p&refid=52&__tn__=R&paipv=0,PakMin Û±¢è,Fan c·ª©ng,Gak ono mobil seng tak main ke musim iki kecuali Bugatti cironüòî selain kui mobil kunci,,,[],,,"[{'comment_id': '721415986157910', 'comment_url': 'https://facebook.com/721415986157910', 'commenter_id': '100055632347134', 'commenter_url': 'https://facebook.com/abimaulana.maulanasultoni?eav=AfYdnGb136XPlE74bAqMFLgrqm6yCKevd46iObpLJoCRJS9BVWV4RNgdRQUuw4S8-eI&fref=nf&rc=p&__tn__=R&paipv=0', 'commenter_name': 'Abi Maulana Maulana Sultoni', 'commenter_meta': None, 'comment_text': 'PakMin \U000f188f admine ora ngerti bahasane', 'comment_time': None, 'comment_image': 'https://scontent.fhan5-1.fna.fbcdn.net/m1/v/t6/An_F9bJG7govfshSMBkvcRLcxT0jmiXVYKtr7lgH5AHgUrjjpZ1OD0xyxXYgf7arc0lWgCdrR_KN4Mg7RSN3Gm3W6Gg03N1tQ-ZXzVvFJ_KvvB4.png?ccb=10-5&oh=00_AfDzRTdyzFbIsnTC-Vv8lQHppnhozTzE8Kw08x45kOyBKA&oe=658D70E7&_nc_sid=7da55a', 'comment_reactors': [{'name': 'PakMin \U000f188f', 'link': 'https://facebook.com/profile.php?id=100072015565442&eav=AfYafgPS7cfyMb83QlAddnKdrQWiUSSVkERXALpFnz5gvCBijjuPcRfy3gMFl1t8ft4&fref=pb&paipv=0', 'type': 'haha'}], 'comment_reactions': {'haha': 1}, 'comment_reaction_count': 1}, {'comment_id': '370909735280663', 'comment_url': 'https://facebook.com/370909735280663', 'commenter_id': '100072015565442', 'commenter_url': 'https://facebook.com/profile.php?id=100072015565442&eav=AfboEsSteur7oXa6lQVVoisjNEJq7JL2u__8UWP5DQNn4chtTaHUXihb7EDY24NYgZQ&fref=nf&rc=p&__tn__=R&paipv=0', 'commenter_name': 'PakMin \U000f188f', 'commenter_meta': 'Fan c·ª©ng', 'comment_text': 'Abi Maulana Maulana Sultoni iyo sengaja ü§≠', 'comment_time': None, 'comment_image': None, 'comment_reactors': [], 'comment_reactions': None, 'comment_reaction_count': None}]"
2042452126115314,https://facebook.com/2042452126115314,61553498715596,https://facebook.com/profile.php?id=61553498715596&eav=AfYRDDuYABR6qOLm5JH7uRU3jZtMekgkleeBwC10gIA9M1eaFxRJd-9zFFKWvjDV1fI&fref=nf&rc=p&refid=52&__tn__=R&paipv=0,Harry Susilo,,Nice,,https://scontent.fhan5-1.fna.fbcdn.net/m1/v/t6/An_UvxJXg9tdnLU3Y5qjPi0200MLilhzPXUgxzGjQzUMaNcmjdZA6anyrngvkdub33NZzZhd51fpCAEzNHFhko5aKRFP5fS1w_lKwYrzcNLupv27.png?ccb=10-5&oh=00_AfBwaYI1dgAFGqlxBUjKeme1rlLNcOP8pu_E22fWgHRWQQ&oe=658D6639&_nc_sid=7da55a,"[{'name': 'Harry Susilo', 'link': 'https://facebook.com/profile.php?id=61553498715596&eav=AfbmX5syJ4PIr5tgKAfR_3A9Cl6ytu1AQRmExI_O2ke4-zWH0uxlqlUJ2_9zs_DOZTM&fref=pb&paipv=0', 'type': 'like'}]",{'like': 1},1.0,[]
1080836859938398,https://facebook.com/1080836859938398,100080069946181,https://facebook.com/profile.php?id=100080069946181&eav=AfZ95_Uaf1xx4W39DWd7aYunUTxqI6Nv32u1vfJ6FcO86KdbfyAMS8Zf7XNgt3rdIWE&fref=nf&rc=p&refid=52&__tn__=R&paipv=0,AceRacer Skore,,Rip Tokens,,,[],,,[]
3336417209982000,https://facebook.com/3336417209982000,100007431042132,https://facebook.com/elnur.gadymaliev?eav=AfauiwaLOxIChtCAK9sUgmbCjQVH2FmIZITN7O1mv6b9zb0BVC1HQmwtBnaDbP7EfuQ&fref=nf&rc=p&refid=52&__tn__=R&paipv=0,El Gadumaliev,Fan c·ª©ng,"Once again, as always, an impossible event awaits us.",,https://scontent.fhan5-1.fna.fbcdn.net/m1/v/t6/An_UvxJXg9tdnLU3Y5qjPi0200MLilhzPXUgxzGjQzUMaNcmjdZA6anyrngvkdub33NZzZhd51fpCAEzNHFhko5aKRFP5fS1w_lKwYrzcNLupv27.png?ccb=10-5&oh=00_AfBwaYI1dgAFGqlxBUjKeme1rlLNcOP8pu_E22fWgHRWQQ&oe=658D6639&_nc_sid=7da55a,"[{'name': 'Aman Mishra', 'link': 'https://facebook.com/profile.php?id=100009046665842&eav=AfZPMNzuBnNDUfz3e1VBWpRWoS9rnJVbJU5vcfLz6ARKraQoROOsgzrpVDYheIiQL7Y&fref=pb&paipv=0', 'type': 'like'}, {'name': 'Bambang Gentolet', 'link': 'https://facebook.com/ferdy.v.anto?eav=AfbwIS02SSwSiTI8amkCh5_V03nraEO11-UbkCk1BMG9o5heFnvDXqoJP2mGuYeGY-s&fref=pb&paipv=0', 'type': 'like'}, {'name': 'Pablo Cardona', 'link': 'https://facebook.com/Juanperez1913?eav=AfYyztAB4OgBwyLpSLRt1zLe0qUkQM46gaQIk5j60s_8n85tDC9oW-0TXhrucQBcbE4&fref=pb&paipv=0', 'type': 'like'}]",{'like': 3},3.0,[]
368134929001152,https://facebook.com/368134929001152,100001258093842,https://facebook.com/Jipse?eav=AfYSUhSJcidN0w1GOPjxM41NgdMZan2GlSoAYnPBPxhJEbNZ79stP1KGN5m3f4tLJUw&fref=nf&rc=p&refid=52&__tn__=R&paipv=0,Burghard Bende,,Great Game! üôÑ,,https://scontent.fhan5-1.fna.fbcdn.net/v/t39.30808-6/404941861_7233950906656774_7897457179850258726_n.jpg?stp=cp0_dst-jpg_e15_q65_s180x540&_nc_cat=104&ccb=1-7&_nc_sid=5f2048&efg=eyJpIjoidCJ9&_nc_ohc=Cs45BXDo5lUAX83K4S5&_nc_ht=scontent.fhan5-1.fna&oh=00_AfDW9sa0TI97eo-ba5_6JhlOAl-VxGmZV-LQFP-OYdNL2g&oe=656BA153,"[{'name': 'Juan Urrego', 'link': 'https://facebook.com/juan.urrego.7731247?eav=AfaJUTbxlp_-1V5bBYJNI9iN6JreA8zpbP4cZa04kr8jzZ3-xPZjeY44PlUpiuadUZY&fref=pb&paipv=0', 'type': 'haha'}]",{'haha': 1},1.0,[]
916453816753661,https://facebook.com/916453816753661,100069063663709,https://facebook.com/richardboy49?eav=AfbN0cyg1f8VhCK7Tv8mWG3PEesh4VTCEVo9XX3rG5Y3Oe5ptRwQ8lRUkQRrdJCQ_O8&fref=nf&rc=p&refid=52&__tn__=R&paipv=0,Richard Parker,Fan c·ª©ng,A trailer without any hint for bos S class cars ü§£,,,[],,,[]
1312390119259788,https://facebook.com/1312390119259788,100033125921441,https://facebook.com/cristian.navarrolopez.96?eav=AfZTCQnySzlxH_89S6HYLkBOBalXOb4qia3xQSrcUkx5G4hK5C9wa5bnrn5UYxIEdr4&fref=nf&rc=p&refid=52&__tn__=R&paipv=0,Cristian Navarro Lopez,,"Ya es hora asphalt 9 de buenas ofertas y que regale cartar de buen nivel de carros ,",,,[],,,[]
2033241770343790,https://facebook.com/2033241770343790,100090078274395,https://facebook.com/profile.php?id=100090078274395&eav=AfYehBf4NsopAF0UBP9R8uJHcEd3IpSFLVjcjB0xepDZFlHK7iCYUIQm_0mfjUOZAoY&fref=nf&rc=p&refid=52&__tn__=R&paipv=0,Kenyer Tello Bri√±ez,,Diego Sanabria,,,[],,,[]
1127794671961015,https://facebook.com/1127794671961015,100079508614540,https://facebook.com/profile.php?id=100079508614540&eav=AfZ5GQxvKXbCU4Djoao0EYjOacmoT6SzJNIenHxbnjEzQyUvLYPmRX4d1Zjax1dU0z8&fref=nf&rc=p&refid=52&__tn__=R&paipv=0,Huy Hu·ª≥nh,Fan c·ª©ng,‚ù§Ô∏è,,,[],,,[]
899203258384681,https://facebook.com/899203258384681,100016759929609,https://facebook.com/douglasandres.santos.1?eav=AfZY3hcwver3PlNC74ccAkLB80bB3LolClpjPxnwexrRuOZj0yxpY2ewls0_McDRj7U&fref=nf&rc=p&refid=52&__tn__=R&paipv=0,Douglas Andres Santos Olarte,Fan c·ª©ng,Me pregunto si gamelot nos regalara algo para diciembre,,https://scontent.fhan5-1.fna.fbcdn.net/m1/v/t6/An_F9bJG7govfshSMBkvcRLcxT0jmiXVYKtr7lgH5AHgUrjjpZ1OD0xyxXYgf7arc0lWgCdrR_KN4Mg7RSN3Gm3W6Gg03N1tQ-ZXzVvFJ_KvvB4.png?ccb=10-5&oh=00_AfDzRTdyzFbIsnTC-Vv8lQHppnhozTzE8Kw08x45kOyBKA&oe=658D70E7&_nc_sid=7da55a,"[{'name': 'Juan Urrego', 'link': 'https://facebook.com/juan.urrego.7731247?eav=AfbvMbFbuKh4t5bdJQHXVrzJu0r8_lIyc-mG9OpheHWJIEVe9ImNOAiRBApkYC6Qsbs&fref=pb&paipv=0', 'type': 'haha'}]",{'haha': 1},1.0,"[{'comment_id': '1095867748517176', 'comment_url': 'https://facebook.com/1095867748517176', 'commenter_id': '100086385417699', 'commenter_url': 'https://facebook.com/profile.php?id=100086385417699&eav=AfbXMSlJ9utFaRxmUvMlyK2yByO53w45vQquEaKa-Y61zINZZcBOTy_6E6MuWuHGZww&fref=nf&rc=p&__tn__=R&paipv=0', 'commenter_name': 'George Ruiz', 'commenter_meta': 'Ng∆∞·ªùi theo d√µi m·ªëc quan tr·ªçng', 'comment_text': 'Douglas Andres Santos Olarte por supuesto que no :D', 'comment_time': None, 'comment_image': None, 'comment_reactors': [], 'comment_reactions': None, 'comment_reaction_count': None}, {'comment_id': '351574357426169', 'comment_url': 'https://facebook.com/351574357426169', 'commenter_id': '100001681241354', 'commenter_url': 'https://facebook.com/trevor.anthuam?eav=AfZdSERYSssMcCtQiRivsdwxLo6vf7VvBO_pVE_Ss_fga4UzP3sU1I_ccDWCA-RhFxU&fref=nf&rc=p&__tn__=R&paipv=0', 'commenter_name': 'Trevor Anthuam', 'commenter_meta': 'Fan c·ª©ng', 'comment_text': 'Douglas Andres Santos Olarte ese como vas a creer es mas codo üòÇ', 'comment_time': None, 'comment_image': None, 'comment_reactors': [], 'comment_reactions': None, 'comment_reaction_count': None}]"
775416707726743,https://facebook.com/775416707726743,100005656141471,https://facebook.com/Hth.Quyen.777526?eav=AfaQ-lpzsUVetznxfRFhBXk7i0ipj_IiASvygKly7QCHRyB2T8m8_ZV6RPYyf4T7gWc&fref=nf&rc=p&refid=52&__tn__=R&paipv=0,MT Quy·∫øn,Fan c·ª©ng,"M·ªôt c√∫ l·ª´a khi h·ªç ƒë√£ xo√° b√†i ƒëƒÉng v·ªÅ Car Hunt, v√† thay b·∫±ng m·ªôt con xe t·ªá h∆°n, v√† n√≥ c√≥ th·ªÉ ki·∫øm d·ªÖ d√†ng ·ªü showroom, h·ªç g·ªçi ƒë√¢y l√† ""Black Friday"", h√∫t m√°u qu√° ƒëi üòµ‚Äçüí´üòµ‚Äçüí´",,,[],,,[]
1525608998010328,https://facebook.com/1525608998010328,100001560148265,https://facebook.com/phungminhloc.159?eav=AfaS200u8dz_3pJZnLsFLIJ1ix-e8hm6fVm2xPdByTNBKyEB_IGlf4nsU6N3wyjpvmY&fref=nf&rc=p&refid=52&__tn__=%7ER&paipv=0,Minh L·ªôc,,"Fan c·ª©ng
Minh L·ªôc",,https://scontent.fhan15-2.fna.fbcdn.net/v/t39.1997-6/272846141_997238384196367_7231881195532784605_n.png?stp=cp0_dst-png_s110x80&_nc_cat=1&ccb=1-7&_nc_sid=fc3f23&efg=eyJpIjoidCJ9&_nc_ohc=ZPD-edap8wEAX-vfcVQ&_nc_ht=scontent.fhan15-2.fna&oh=00_AfAKV80SpICUqODWHv0m8fOcQrBg8PF7Oiy2J0l_5IYr5w&oe=656AFD22,"[{'name': 'Tuan Phamminh', 'link': 'https://facebook.com/PhamMinhTuan45x4?eav=AfaEU68UR88C80ntRbfBWtMwnxVLarzj0R7y3e5nkvPKOJ1vtDVNvwXhtOh7XoRHip0&fref=pb&paipv=0', 'type': 'haha'}]",{'haha': 1},1.0,[]
1080375369768667,https://facebook.com/1080375369768667,100035330627288,https://facebook.com/ciro.cascone.7355?eav=AfaHyDNHY3p_BUMIPip0bf-B8VgemruTi-T0UFZsIypo2gka4q7qYSD3qiQvpSzHQYg&fref=nf&rc=p&refid=52&__tn__=%7ER&paipv=0,Ciro Cascone,Fan c·ª©ng,P2W,,,[],,,[]
1454638661753286,https://facebook.com/1454638661753286,100003085720299,https://facebook.com/ivonne.ivonnem?eav=AfZOxw83YKx8zJSVI1uzDHnWXwUwWV0YM915G1TYvnwzUxh7D9VLHaFefg4Oen4gsow&fref=nf&rc=p&refid=52&__tn__=R&paipv=0,Ivonne Mart√≠nez,,"Fan c·ª©ng
Ivonne Mart√≠nez",,https://scontent.fhan5-1.fna.fbcdn.net/v/t39.30808-6/404327547_6689550971157694_6750063083026105790_n.jpg?stp=cp0_dst-jpg_e15_q65_s180x540&_nc_cat=103&ccb=1-7&_nc_sid=5f2048&efg=eyJpIjoidCJ9&_nc_ohc=Q-whDLKBgOIAX9NJaRD&_nc_ht=scontent.fhan5-1.fna&oh=00_AfA9jP3GgXYWbzYgDOCRBf1qZdnojLhjjcKgSv8DuI4WOw&oe=656BAAC0,"[{'name': 'E.J. Oliva', 'link': 'https://facebook.com/nfsejoliva?eav=AfYASnZtw-Si72L6Iq2S5d_YR8OI5z8SxDUiy5TosVKdadQl7sUsgPqOiY3mIvahYcQ&fref=pb&paipv=0', 'type': 'haha'}, {'name': 'Bek Verwest', 'link': 'https://facebook.com/bahti.daliev?eav=Afbrs4i6B5TtPU2_b-3y42kaemheAxHd6lhUd_crIL9RocnNN2bMuXrSG3cGIQlyqh4&fref=pb&paipv=0', 'type': 'haha'}, {'name': 'Yogesh Dhiman', 'link': 'https://facebook.com/yogesh.dhiman.1800?eav=Afa3V0V5LoUSsPdj5llpdqi0anng-6JT76Kx-QkkM_GrAarHFT7F-G8eWFxo2AVZVm4&fref=pb&paipv=0', 'type': 'haha'}]",{'haha': 3},3.0,[]
698063572286829,https://facebook.com/698063572286829,100002908809768,https://facebook.com/james.oneill.1829?eav=AfZh8ib3IavRKVzpH4PL6h7c_YsMtfo-mMTyNi5Lpb05UwjdiWkclefMQkdqBn4qjc0&fref=nf&rc=p&refid=52&__tn__=R&paipv=0,Seanhausen Bundy,Fan c·ª©ng,"How do I extend my Showroom Season? The rules state that I can extend it, but for the third time I'm forced to start Volkswagen season all over.",,https://scontent.fhan5-9.fna.fbcdn.net/v/t39.30808-6/404393308_6975591609214397_5344554617656603617_n.jpg?stp=cp0_dst-jpg_e15_q65_s180x540&_nc_cat=109&ccb=1-7&_nc_sid=5f2048&efg=eyJpIjoidCJ9&_nc_ohc=H3x1Q2MN21MAX9mOuvg&_nc_ht=scontent.fhan5-9.fna&oh=00_AfC0sLeo6rgWQnAtCbKcxVE942JR5T603iku5uf4V4Hp-A&oe=656B80E4,"[{'name': '–î–º–∏—Ç—Ä–∏–π –®–æ—Å—Ç–∞–∫', 'link': 'https://facebook.com/palladin.d?eav=AfbygQg90ARpbUqdh-BYKe-ui_10HWEiLwJWGA4nrUx9z5Q_P_MmVFN49S2vXKM_dqE&fref=pb&paipv=0', 'type': 'like'}, {'name': 'Joan Saint-Hilaire', 'link': 'https://facebook.com/profile.php?id=100001240401615&eav=AfahVV7N9BoxLtbXudQIG0sWAigosVFTA9Bi-swraE8nnP8jq9h34Ros5ubIKJOOUHU&fref=pb&paipv=0', 'type': 'like'}, {'name': 'Samuel Etuokwu', 'link': 'https://facebook.com/samueletuokwu?eav=AfabrdjwifFZ2GOn7ZEJdy_xZqifUeJYvPogF603SItEmqOvz1AwpWuZMyu7uakTwAU&fref=pb&paipv=0', 'type': 'like'}]",{'like': 3},3.0,"[{'comment_id': '6833914420027447', 'comment_url': 'https://facebook.com/6833914420027447', 'commenter_id': '739795925', 'commenter_url': 'https://facebook.com/Razzzone?eav=AfaezFpNsJaxSVP343yI6SmMxoTaCVFdkQdDhoJ5Rc-oLUJpEkKMxK5IHyU62p_jnyM&fref=nf&rc=p&__tn__=R&paipv=0', 'commenter_name': 'RaziEl Ruiz Uno', 'commenter_meta': None, 'comment_text': 'Seanhausen Bundy haha every 14days the showroom event restart... I choose it the VW event three times haha and only got like 9 bp...', 'comment_time': None, 'comment_image': None, 'comment_reactors': [], 'comment_reactions': None, 'comment_reaction_count': None}]"
364051732801197,https://facebook.com/364051732801197,100001835311974,https://facebook.com/tyree.logan.16?eav=AfalFxcEY3AyIsJSPsPpyRJ2T2YVRWW1y2UG9e33_FVhYKogY_FzbAcb_e2Jh1tlVkI&fref=nf&rc=p&refid=52&__tn__=R&paipv=0,Tyree Logan,Ng∆∞·ªùi theo d√µi th√¢m ni√™n,They only show 2 cars‚Ä¶,,https://scontent.fhan5-1.fna.fbcdn.net/m1/v/t6/An_UvxJXg9tdnLU3Y5qjPi0200MLilhzPXUgxzGjQzUMaNcmjdZA6anyrngvkdub33NZzZhd51fpCAEzNHFhko5aKRFP5fS1w_lKwYrzcNLupv27.png?ccb=10-5&oh=00_AfBwaYI1dgAFGqlxBUjKeme1rlLNcOP8pu_E22fWgHRWQQ&oe=658D6639&_nc_sid=7da55a,"[{'name': 'Torque Tibro', 'link': 'https://facebook.com/torque.tibro.7?eav=AfYuqDbRZ94sOB3-k5OX8FeSAUHIywWPCdoQKGAJDEIbigoh-BjBBvznrJX9TDlimXI&fref=pb&paipv=0', 'type': 'like'}]",{'like': 1},1.0,[]
355220763656358,https://facebook.com/355220763656358,100003724549500,https://facebook.com/david.how.587?eav=AfbyA9PJqDMtMfSHWkzMVEJLG-4Uq54U78kxiubaKzJwm8McUUz9bifXoqxeoBwZTAY&fref=nf&rc=p&refid=52&__tn__=R&paipv=0,David How,Ng∆∞·ªùi theo d√µi th√¢m ni√™n,"Bro,so cool!üòç",,,[],,,[]
798779455385446,https://facebook.com/798779455385446,100003338974259,https://facebook.com/dominik.spohr.5?eav=Afb_kSss81XQghPo3sJXaBjSe8mIRkLr65J4Fk6koZQsI7HD7Y_mUXtY7KPFF053c2k&fref=nf&rc=p&refid=52&__tn__=R&paipv=0,Dominik Blvck,,Asphalt 9: Legends Is there a new update for this or will everything remain as it is without an update?,,https://scontent.fhan5-1.fna.fbcdn.net/m1/v/t6/An_UvxJXg9tdnLU3Y5qjPi0200MLilhzPXUgxzGjQzUMaNcmjdZA6anyrngvkdub33NZzZhd51fpCAEzNHFhko5aKRFP5fS1w_lKwYrzcNLupv27.png?ccb=10-5&oh=00_AfBwaYI1dgAFGqlxBUjKeme1rlLNcOP8pu_E22fWgHRWQQ&oe=658D6639&_nc_sid=7da55a,"[{'name': 'Gawe≈Ç DƒÖbrowski', 'link': 'https://facebook.com/profile.php?id=100002443723951&eav=AfZk10A1UV2ABuyi69wF4lRQuvy_YrXT_29TyXeM_sE9meNr3-mtvYIm5uio3FIGPkQ&fref=pb&paipv=0', 'type': 'like'}]",{'like': 1},1.0,[]
335151752785678,https://facebook.com/335151752785678,100066390223408,https://facebook.com/aj.castaneda.754?eav=Afa48K8WII1zmLZiMVHiXNPM16OuNUff8CTKRrbqzmC35nrEQ3ENH5wn9KIgem0zo-k&fref=nf&rc=p&refid=52&__tn__=R&paipv=0,Kirby Vlinkss Seep,Fan c·ª©ng,La temporada donde m√°s dinero ganan ü§ëü§ë,,https://scontent.fhan5-1.fna.fbcdn.net/m1/v/t6/An_UvxJXg9tdnLU3Y5qjPi0200MLilhzPXUgxzGjQzUMaNcmjdZA6anyrngvkdub33NZzZhd51fpCAEzNHFhko5aKRFP5fS1w_lKwYrzcNLupv27.png?ccb=10-5&oh=00_AfBwaYI1dgAFGqlxBUjKeme1rlLNcOP8pu_E22fWgHRWQQ&oe=658D6639&_nc_sid=7da55a,"[{'name': 'Daniel Pilligua', 'link': 'https://facebook.com/profile.php?id=100011041030680&eav=AfYZrGms-WoHxvJWBf18X1OxtUuiM_yqcaVlVTgD3USZMg4t_8vHjiOVj3h57-sa08w&fref=pb&paipv=0', 'type': 'like'}]",{'like': 1},1.0,[]
1736270600212296,https://facebook.com/1736270600212296,100043725770618,https://facebook.com/profile.php?id=100043725770618&eav=AfYSeOLbsnXRRvbTPdwCNFBpxlups7_7ReG1satC1W3L2iOAq2JuIScVWrKuYgNyo2c&fref=nf&rc=p&refid=52&__tn__=R&paipv=0,Nguy·ªÖn Minh Kh√¥i,Ng∆∞·ªùi theo d√µi,yooooooo,,,[],,,[]
1353757208849096,https://facebook.com/1353757208849096,100006226863452,https://facebook.com/walterramiro.ajatatorres?eav=AfYT_LoiRktCed8JG4W5D2kfnOhA76P6Or_QFwQru8sldF851hAxr4-A5jWx2Glbey8&fref=nf&rc=p&refid=52&__tn__=R&paipv=0,Walter AT,,Cuando es?,,,[],,,[]
1480004506177381,https://facebook.com/1480004506177381,1369096424,https://facebook.com/norbert.boros.94?eav=AfbZ7vXd3qKyQIBVK-fDfosqzlvBZ0q-mFL6WPcULpj1-Wi5dillfIsUihfTYlr_gP4&fref=nf&rc=p&refid=52&__tn__=R&paipv=0,Norbert Boros,Fan c·ª©ng,Asphalt 9: Legends Mi lesz a k√∂vetkez≈ë legend pass aut√≥? Rem√©lem nem megint az Artura.,,,[],,,[]
344934324786339,https://facebook.com/344934324786339,100067089540740,https://facebook.com/profile.php?id=100067089540740&eav=Afbs9AyvjraTz5gU4iGQu2qUbHFvZxtxdx2Cnkdi2NO-MY0i2jMQlDeZNQ8KLnEXD1w&fref=nf&rc=p&refid=52&__tn__=R&paipv=0,Âº†Âª∫ÂõΩ,Ng∆∞·ªùi theo d√µi th√¢m ni√™n,ÂÖ∑‰Ωì‰ªÄ‰πàÊó∂ÂÄôÂºÄÂßãÔºü,,,[],,,[]
704444081624606,https://facebook.com/704444081624606,100054949148918,https://facebook.com/joseph.fulgencio.583?eav=AfbeyOIkooJTeRvqb1UnW9POnfoPFPGcBYK6RrpJdx0idxvOFBKHtLOOJ-7esMTucMw&fref=nf&rc=p&refid=52&__tn__=R&paipv=0,Joseph Fulgencio,,"New season
New p2w",,https://scontent.fhan5-1.fna.fbcdn.net/m1/v/t6/An_UvxJXg9tdnLU3Y5qjPi0200MLilhzPXUgxzGjQzUMaNcmjdZA6anyrngvkdub33NZzZhd51fpCAEzNHFhko5aKRFP5fS1w_lKwYrzcNLupv27.png?ccb=10-5&oh=00_AfBwaYI1dgAFGqlxBUjKeme1rlLNcOP8pu_E22fWgHRWQQ&oe=658D6639&_nc_sid=7da55a,"[{'name': 'Fatah Brn', 'link': 'https://facebook.com/profile.php?id=100077346438684&eav=AfYN1TjWCV7zNQ4FpP9vi_NG_QRJnF6TwBbgiHUpnQwbeiyTNKRCDMWQzy_lgv6WVxw&fref=pb&paipv=0', 'type': 'like'}]",{'like': 1},1.0,"[{'comment_id': '1388423558763715', 'comment_url': 'https://facebook.com/1388423558763715', 'commenter_id': '100008682128452', 'commenter_url': 'https://facebook.com/profile.php?id=100008682128452&eav=AfaSyPs844qBCkNH3EVi8IYS_dovpfqpRpF-p3fStLpgpchgqnvOsiHcPd7zTuT7iUc&fref=nf&rc=p&__tn__=R&paipv=0', 'commenter_name': 'Carlos √äduardo √Ålves', 'commenter_meta': 'Fan c·ª©ng', 'comment_text': ""Joseph Fulgencio roll the tape man it's boring alreadyüôÑ"", 'comment_time': None, 'comment_image': None, 'comment_reactors': [], 'comment_reactions': None, 'comment_reaction_count': None}]"
